Nama Siswa;Jenis Kelamin;Kelas;RFID
Abdillah Ilham Pradana;L;11;
Abdullah Ihsan Al Atsary;L;11;
Abdullah Aqil Al Zuhdi;L;11;
Ahmad Zaki Musyafa';L;11;
Aydan Nooriel Imni;L;11;
Azharuddiya Syamsi;L;11;
Bangga Agung Widodo;L;11;
Hisyam Alwan Muflih;L;11;
Kelvin Muhammad Al Faqih;L;11;
Khoirul Umam Al Wafa;L;11;
Miqdad;L;11;
Moh. Zulfian Sheehan Yusuf Iskandar;L;11;
Muhammad Abbas Fudhail;L;11;
Muhammad Athiq Al Karim;L;11;
Muhammad Dhamar Agratha;L;11;
Muhamad Dimas Arrijalu;L;11;10138184
Muhammad Fakhri;L;11;
Muhammad Farabi Alviansyah;L;11;
Muhammad Ibrahim Sholeh;L;11;
Muhammad Ikhsan Kamil;L;11;
Muhammad Kiromim Baroroh;L;11;
Muhammad Sulthonul Aulya' Fahrezy;L;11;
Muhammad Sulton Al Mufid;L;11;
Muhammad Wafa Musthofa;L;11;
Muhammad Yugi Bagus Arkawardana;L;11;
Muhammad Zidan Maulana;L;11;
Muhammad Zulfikar Alfi;L;11;
Mukhbit Yafi' Azzam Achmad;L;11;
Rafa Fauzi Lahdji;L;11;
Rafandra Rasyid Athaullah;L;11;0010576444
Raihan Satria Hamaddi;L;11;
Roihan Ali Ar Raashid;L;11;
Uwais Al Atsary;L;11;
Wildan Rifqi Ar Rosyidi;L;11;
Yusuf Habibie Rahman;L;11;
Zaidan Aghniya Ilman;L;11;
Zaki El Thabrany Yusuf;L;11;
Ridho Azam Faruqi;L;11;
Salman Alfarisi Maftuh;L;11;
;;;
;;;
;;;
;;;
;;;
;;;
;;;
;;;
;;;
;;;
;;;
;;;
;;;
;;;
;;;
;;;
;;;
;;;
;;;
;;;
;;;
;;;
;;;
;;;
;;;
;;;
;;;
;;;
;;;
;;;
;;;
;;;
;;;
;;;
;;;
;;;
;;;
;;;
;;;
;;;
;;;
;;;
;;;
;;;
;;;
;;;
;;;
;;;
;;;
;;;
;;;
;;;
;;;
;;;
;;;
;;;
;;;
;;;
;;;
;;;
;;;
;;;
;;;
;;;
;;;
;;;
;;;
;;;
;;;
;;;
;;;
;;;
;;;
;;;
;;;
;;;
;;;
;;;
;;;
;;;
;;;
;;;
;;;
;;;
;;;
;;;
;;;
;;;
;;;
;;;
;;;
;;;
;;;
;;;
;;;
;;;
;;;
;;;
;;;
;;;
;;;
;;;
;;;
;;;
;;;
;;;
;;;
;;;
;;;
;;;
;;;
;;;
;;;
;;;
;;;
;;;
;;;
;;;
;;;
;;;
;;;
;;;
;;;
;;;
;;;
;;;
;;;
;;;
;;;
;;;
;;;
;;;
;;;
;;;
;;;
;;;
;;;
;;;
;;;
;;;
;;;
;;;
;;;
;;;
;;;
;;;
;;;
;;;
;;;
;;;
;;;
;;;
;;;
;;;
;;;
;;;
;;;
;;;
;;;
;;;
;;;
;;;
;;;
;;;
;;;
;;;
;;;
;;;
;;;
;;;
;;;
;;;
;;;
;;;
;;;
;;;
;;;
;;;
;;;
;;;
;;;
;;;
;;;
;;;
;;;
;;;
;;;
;;;
;;;
;;;
;;;
;;;
;;;
;;;
;;;
;;;
;;;
;;;
;;;
;;;
;;;
;;;
;;;
;;;
;;;
;;;
;;;
;;;
;;;
;;;
;;;
;;;
;;;
;;;
;;;
;;;
;;;
;;;
;;;
;;;
;;;
;;;
;;;
;;;
;;;
;;;
;;;
;;;
;;;
;;;
;;;
;;;
;;;
;;;
;;;
;;;
;;;
;;;
;;;
;;;
;;;
;;;
;;;
;;;
;;;
;;;
;;;
;;;
;;;
;;;
;;;
;;;
;;;
;;;
;;;
;;;
;;;
